{"cameraMode":{"drawMode":0,"name":"Shaded","section":"Shading Mode"},"sceneLighting":true,"audioPlay":false,"sceneViewState":{"m_AlwaysRefresh":false,"showFog":true,"showSkybox":true,"showFlares":true,"showImageEffects":true,"showParticleSystems":true,"showVisualEffectGraphs":true,"m_FxEnabled":true},"in2DMode":false,"pivot":{"x":5.1145782470703129,"y":4.789261817932129,"z":23.469799041748048},"rotation":{"x":0.04252905026078224,"y":0.9565906524658203,"z":-0.18179960548877717,"w":0.22377842664718629},"size":6.470365047454834,"orthographic":false}